"","__A-","__A+","__B-","__B+","__C-","__C+","__D-","__D+","A-__A-B-","A-__A-B+","A-__A-C-","A-__A-C+","A-__A-D-","A-__A-D+","A+__A+B-","A+__A+B+","A+__A+C-","A+__A+C+","A+__A+D-","A+__A+D+","B-__A-B-","B-__A+B-","B-__B-C-","B-__B-C+","B-__B-D-","B-__B-D+","B+__A-B+","B+__A+B+","B+__B+C-","B+__B+C+","B+__B+D-","B+__B+D+","C-__A-C-","C-__A+C-","C-__B-C-","C-__B+C-","C-__C-D-","C-__C-D+","C+__A-C+","C+__A+C+","C+__B-C+","C+__B+C+","C+__C+D-","C+__C+D+","D-__A-D-","D-__A+D-","D-__B-D-","D-__B+D-","D-__C-D-","D-__C+D-","D+__A-D+","D+__A+D+","D+__B-D+","D+__B+D+","D+__C-D+","D+__C+D+","A-B-__A-B-C-","A-B-__A-B-C+","A-B-__A-B-D-","A-B-__A-B-D+","A+B-__A+B-C-","A+B-__A+B-C+","A+B-__A+B-D-","A+B-__A+B-D+","A-B+__A-B+C-","A-B+__A-B+C+","A-B+__A-B+D-","A-B+__A-B+D+","A+B+__A+B+C-","A+B+__A+B+C+","A+B+__A+B+D-","A+B+__A+B+D+","A-C-__A-B-C-","A-C-__A-B+C-","A-C-__A-C-D-","A-C-__A-C-D+","A+C-__A+B-C-","A+C-__A+B+C-","A+C-__A+C-D-","A+C-__A+C-D+","B-C-__A-B-C-","B-C-__A+B-C-","B-C-__B-C-D-","B-C-__B-C-D+","B+C-__A-B+C-","B+C-__A+B+C-","B+C-__B+C-D-","B+C-__B+C-D+","A-C+__A-B-C+","A-C+__A-B+C+","A-C+__A-C+D-","A-C+__A-C+D+","A+C+__A+B-C+","A+C+__A+B+C+","A+C+__A+C+D-","A+C+__A+C+D+","B-C+__A-B-C+","B-C+__A+B-C+","B-C+__B-C+D-","B-C+__B-C+D+","B+C+__A-B+C+","B+C+__A+B+C+","B+C+__B+C+D-","B+C+__B+C+D+","A-D-__A-B-D-","A-D-__A-B+D-","A-D-__A-C-D-","A-D-__A-C+D-","A+D-__A+B-D-","A+D-__A+B+D-","A+D-__A+C-D-","A+D-__A+C+D-","B-D-__A-B-D-","B-D-__A+B-D-","B-D-__B-C-D-","B-D-__B-C+D-","B+D-__A-B+D-","B+D-__A+B+D-","B+D-__B+C-D-","B+D-__B+C+D-","C-D-__A-C-D-","C-D-__A+C-D-","C-D-__B-C-D-","C-D-__B+C-D-","C+D-__A-C+D-","C+D-__A+C+D-","C+D-__B-C+D-","C+D-__B+C+D-","A-D+__A-B-D+","A-D+__A-B+D+","A-D+__A-C-D+","A-D+__A-C+D+","A+D+__A+B-D+","A+D+__A+B+D+","A+D+__A+C-D+","A+D+__A+C+D+","B-D+__A-B-D+","B-D+__A+B-D+","B-D+__B-C-D+","B-D+__B-C+D+","B+D+__A-B+D+","B+D+__A+B+D+","B+D+__B+C-D+","B+D+__B+C+D+","C-D+__A-C-D+","C-D+__A+C-D+","C-D+__B-C-D+","C-D+__B+C-D+","C+D+__A-C+D+","C+D+__A+C+D+","C+D+__B-C+D+","C+D+__B+C+D+","A-B-C-__A-B-C-D-","A-B-C-__A-B-C-D+","A+B-C-__A+B-C-D-","A+B-C-__A+B-C-D+","A-B+C-__A-B+C-D-","A-B+C-__A-B+C-D+","A+B+C-__A+B+C-D-","A+B+C-__A+B+C-D+","A-B-C+__A-B-C+D-","A-B-C+__A-B-C+D+","A+B-C+__A+B-C+D-","A+B-C+__A+B-C+D+","A-B+C+__A-B+C+D-","A-B+C+__A-B+C+D+","A+B+C+__A+B+C+D-","A+B+C+__A+B+C+D+","A-B-D-__A-B-C-D-","A-B-D-__A-B-C+D-","A+B-D-__A+B-C-D-","A+B-D-__A+B-C+D-","A-B+D-__A-B+C-D-","A-B+D-__A-B+C+D-","A+B+D-__A+B+C-D-","A+B+D-__A+B+C+D-","A-C-D-__A-B-C-D-","A-C-D-__A-B+C-D-","A+C-D-__A+B-C-D-","A+C-D-__A+B+C-D-","B-C-D-__A-B-C-D-","B-C-D-__A+B-C-D-","B+C-D-__A-B+C-D-","B+C-D-__A+B+C-D-","A-C+D-__A-B-C+D-","A-C+D-__A-B+C+D-","A+C+D-__A+B-C+D-","A+C+D-__A+B+C+D-","B-C+D-__A-B-C+D-","B-C+D-__A+B-C+D-","B+C+D-__A-B+C+D-","B+C+D-__A+B+C+D-","A-B-D+__A-B-C-D+","A-B-D+__A-B-C+D+","A+B-D+__A+B-C-D+","A+B-D+__A+B-C+D+","A-B+D+__A-B+C-D+","A-B+D+__A-B+C+D+","A+B+D+__A+B+C-D+","A+B+D+__A+B+C+D+","A-C-D+__A-B-C-D+","A-C-D+__A-B+C-D+","A+C-D+__A+B-C-D+","A+C-D+__A+B+C-D+","B-C-D+__A-B-C-D+","B-C-D+__A+B-C-D+","B+C-D+__A-B+C-D+","B+C-D+__A+B+C-D+","A-C+D+__A-B-C+D+","A-C+D+__A-B+C+D+","A+C+D+__A+B-C+D+","A+C+D+__A+B+C+D+","B-C+D+__A-B-C+D+","B-C+D+__A+B-C+D+","B+C+D+__A-B+C+D+","B+C+D+__A+B+C+D+"
"a1",0.498873333333333,0.501126666666667,0.502,0.498,0.500233333333333,0.499766666666667,0.50132,0.49868,0.501129211155804,0.498870788844196,0.49992650104903,0.50007349895097,0.502973366652858,0.497026633347142,0.502866873312137,0.497133126687863,0.500538785935692,0.499461214064308,0.499674067767298,0.500325932232702,0.49800796812749,0.50199203187251,0.500630810092962,0.499369189907038,0.501653386454183,0.498346613545817,0.499745649263722,0.500254350736278,0.49983266398929,0.50016733601071,0.500983935742972,0.499016064257028,0.498567335243553,0.501432664756447,0.502398880522423,0.497601119477577,0.501979076430999,0.498020923569001,0.499179617154672,0.500820382845328,0.501600747015274,0.498399252984726,0.5006603081438,0.4993396918562,0.500518630814649,0.499481369185351,0.502333838665922,0.497666161334078,0.500890981143115,0.499109018856884,0.497219325686479,0.502780674313521,0.50166439400016,0.49833560599984,0.499572203951766,0.500427796048234,0.498306666666667,0.501693333333333,0.50368,0.49632,0.502936507936508,0.497063492063492,0.499642857142857,0.500357142857143,0.501553668532855,0.498446331467145,0.502263534328038,0.497736465671962,0.498113409510557,0.501886590489443,0.499705638363349,0.500294361636651,0.49950547981823,0.50049452018177,0.504905105586742,0.495094894413258,0.505275747508306,0.494724252491694,0.49906976744186,0.50093023255814,0.495696001061078,0.504303998938922,0.501359506598581,0.498640493401419,0.50146635420154,0.49853364579846,0.502604620020087,0.497395379979913,0.502752465193341,0.497247534806659,0.501042195558643,0.498957804441356,0.5004528020456,0.4995471979544,0.500279671851694,0.499720328148306,0.500325776211688,0.499674223788312,0.501948008776012,0.498051991223988,0.498026095684175,0.501973904315825,0.499364335898294,0.500635664101706,0.501833253626654,0.498166746373346,0.501846538073224,0.498153461926776,0.502835463258786,0.497164536741214,0.499933439829606,0.500066560170394,0.500019854663861,0.499980145336139,0.500337529285629,0.499662470714371,0.501022085053509,0.498977914946491,0.501449623899421,0.498550376100579,0.50147347740668,0.49852652259332,0.501778792545001,0.498221207454999,0.499560375146542,0.500439624853458,0.50289086646062,0.49710913353938,0.500416745086441,0.499583254913559,0.497983491517221,0.502016508482779,0.502898242441969,0.497101757558031,0.501143343348667,0.498856656651333,0.495982731742415,0.504017268257585,0.500926036961533,0.499073963038467,0.498464179845211,0.501535820154789,0.498209327592451,0.501790672407549,0.495638095747812,0.504361904252188,0.503023896812866,0.496976103187134,0.49879785216253,0.50120214783747,0.500307215558464,0.499692784441536,0.503679126642228,0.496320873357772,0.499079480300878,0.500920519699122,0.50612866184207,0.49387133815793,0.499059847426668,0.500940152573332,0.503680867462195,0.496319132537805,0.50021289052105,0.49978710947895,0.498374311433562,0.501625688566438,0.500346574246867,0.499653425753132,0.498305802626006,0.501694197373994,0.50236941730866,0.49763058269134,0.505413333333333,0.494586666666667,0.497469676279219,0.502530323720781,0.498292611906716,0.501707388093284,0.50528558114765,0.49471441885235,0.497989417989418,0.502010582010582,0.504982415005862,0.495017584994138,0.50540014400384,0.49459985599616,0.500385997604153,0.499614002395847,0.502053034517471,0.497946965482529,0.497038724373576,0.502961275626424,0.498307543520309,0.501692456479691,0.503502789013139,0.496497210986861,0.497658898875195,0.502341101124805,0.498756385226391,0.501243614773609,0.500742380476743,0.499257619523257,0.505265950391299,0.494734049608701,0.493390078467881,0.506609921532119,0.497913469563579,0.502086530436421,0.50009372573173,0.49990627426827,0.500519681262159,0.499480318737841,0.498585006407518,0.501414993592482,0.499010959636461,0.500989040363539
"a2",0.499623333333333,0.500376666666667,0.500156666666667,0.499843333333333,0.501246666666667,0.498753333333333,0.499546666666667,0.500453333333333,0.500116754621815,0.499883245378185,0.500030022617038,0.499969977382962,0.500984074669584,0.499015925330416,0.500196518622638,0.499803481377362,0.502461479019139,0.497538520980861,0.498111422728211,0.501888577271789,0.499583463847994,0.500416536152006,0.502575859564003,0.497424140435997,0.498843695642032,0.501156304357968,0.499663227811381,0.500336772188619,0.499916640547372,0.500083359452628,0.500250078357885,0.499749921642115,0.498410629497121,0.501589370502879,0.501482969130302,0.498517030869698,0.501030763296846,0.498969236703153,0.50084209963509,0.49915790036491,0.498823733843049,0.501176266156951,0.498055150842768,0.501944849157232,0.501060961938825,0.498939038061175,0.499452837239097,0.500547162760903,0.502735813804516,0.497264186195484,0.498188309266265,0.501811690733735,0.500859220972985,0.499140779027015,0.499760217402888,0.500239782597112,0.502674724189912,0.497325275810088,0.50187430797348,0.49812569202652,0.502477159523746,0.497522840476254,0.495818128545934,0.504181871454066,0.497384085631156,0.502615914368844,0.500093425513173,0.499906574486827,0.502445786183641,0.497554213816359,0.500406520319352,0.499593479680648,0.502761914927683,0.497238085072317,0.502975396274751,0.497024603725249,0.500212128443773,0.499787871556227,0.499098454113966,0.500901545886034,0.499681739822305,0.500318260177695,0.5,0.5,0.497131956672536,0.502868043327464,0.502067659143055,0.497932340856945,0.497471276638333,0.502528723361668,0.498992513911315,0.501007486088686,0.500180754348146,0.499819245651854,0.497114625035147,0.502885374964853,0.499484170049707,0.500515829950293,0.497675415678551,0.502324584321449,0.50219365506941,0.49780634493059,0.49843310352185,0.50156689647815,0.501005446724641,0.498994553275359,0.502017552036862,0.497982447963138,0.497893624704104,0.502106375295896,0.503457130247549,0.496542869752451,0.502618570474282,0.497381429525718,0.50374081496326,0.49625918503674,0.499506758738369,0.500493241261631,0.501733009838163,0.498266990161836,0.500345093042393,0.499654906957607,0.500451275516976,0.499548724483024,0.501784707871501,0.498215292128499,0.498443412683503,0.501556587316497,0.499224557462966,0.500775442537034,0.498034654259586,0.501965345740414,0.502482081231749,0.497517918768251,0.501473320945049,0.498526679054951,0.49656236286022,0.50343763713978,0.501416279904783,0.498583720095217,0.499819853480831,0.500180146519169,0.498098453408772,0.501901546591228,0.496468173579273,0.503531826420727,0.502518925258556,0.497481074741444,0.499906795909672,0.500093204090328,0.499201107797188,0.500798892202812,0.503012128128234,0.496987871871766,0.496991703994275,0.503008296005725,0.502938256366222,0.497061743633778,0.501206992598881,0.498793007401119,0.500724248927039,0.499275751072961,0.494632866664882,0.505367133335118,0.497278207068695,0.502721792931305,0.499598178408787,0.500401821591213,0.503814359001621,0.496185640998379,0.50366649654839,0.49633350345161,0.500213504136643,0.499786495863357,0.50324952056254,0.49675047943746,0.502798631190811,0.497201368809189,0.498100677380794,0.501899322619206,0.502691950669672,0.497308049330328,0.497993995270611,0.502006004729389,0.499197732256512,0.500802267743488,0.497683688860159,0.502316311139841,0.502544083995154,0.497455916004846,0.501030045214972,0.498969954785028,0.501526513122657,0.498473486877343,0.50130755210397,0.49869244789603,0.49455360956856,0.50544639043144,0.501640743803858,0.498359256196142,0.502724759066871,0.497275240933129,0.502315978931209,0.497684021068791,0.496671528974937,0.503328471025063,0.496262758860878,0.503737241139122,0.495751764549208,0.504248235450792,0.502649165313241,0.49735083468676,0.496452576549664,0.503547423450336,0.503349994682548,0.496650005317452
"a3",0.50129,0.49871,0.500053333333333,0.499946666666667,0.499853333333333,0.500146666666667,0.49991,0.50009,0.50197822950122,0.49802177049878,0.500595131228098,0.499404868771902,0.500641677804597,0.499358322195403,0.498118479009177,0.501881520990823,0.49910769786048,0.50089230213952,0.499174536972055,0.500825463027945,0.503219656569966,0.496780343430034,0.500406623293515,0.499593376706485,0.500119987201365,0.499880012798635,0.499359931726051,0.500640068273949,0.499299925325368,0.500700074674632,0.499699967996586,0.500300032003414,0.502033929952786,0.497966070047214,0.500606844674438,0.499393155325562,0.499286457360826,0.500713542639174,0.500546506358135,0.499453493641865,0.499500146623657,0.500499853376343,0.500533176934766,0.499466823065234,0.502023697598901,0.497976302401099,0.500263380741867,0.499736619258133,0.499229861375047,0.500770138624952,0.500556566484699,0.499443433515301,0.499843361528258,0.500156638471742,0.500476580882108,0.499523419117892,0.500827913261183,0.499172086738817,0.50049674795671,0.49950325204329,0.499979872525998,0.500020127474002,0.499738342837974,0.500261657162026,0.500360499893185,0.499639500106815,0.500787759025849,0.499212240974151,0.498242062646495,0.501757937353505,0.498614958448753,0.501385041551247,0.502211654689638,0.497788345310362,0.497775062099013,0.502224937900987,0.498988925046536,0.501011074953464,0.500810199134895,0.499189800865105,0.503643314817035,0.496356685182965,0.500073265928679,0.499926734071321,0.500420633754857,0.499579366245143,0.498497736589795,0.501502263410205,0.50174424797614,0.49825575202386,0.503515125692373,0.496484874307627,0.497251134240726,0.502748865759274,0.49754470242861,0.50245529757139,0.502795308684804,0.497204691315196,0.500166784527733,0.499833215472267,0.498302195826731,0.501697804173269,0.500898837503496,0.499101162496505,0.501832912737415,0.498167087262585,0.497728782042768,0.502271217957232,0.498681092082536,0.501318907917464,0.500743141009333,0.499256858990667,0.50359875243249,0.49640124756751,0.500359875243249,0.499640124756751,0.500446982534324,0.499553017465676,0.498098656383845,0.501901343616155,0.500514217787929,0.499485782212071,0.501395733995806,0.498604266004194,0.503528534526377,0.496471465473623,0.49913451039919,0.50086548960081,0.502123919730482,0.497876080269518,0.503468846957934,0.496531153042066,0.49755772053917,0.50244227946083,0.497477645802749,0.502522354197251,0.502840378717162,0.497159621282838,0.500453393785838,0.499546606214162,0.49827418473553,0.50172581526447,0.500499753454962,0.499500246545038,0.503549310781115,0.496450689218885,0.499820203769062,0.500179796230938,0.497558111606309,0.502441888393691,0.499866563475755,0.500133436524245,0.497593101988997,0.502406898011003,0.502589839242103,0.497410160757897,0.497958639092728,0.502041360907271,0.499037741900994,0.500962258099006,0.50341002574105,0.49658997425895,0.496887075998283,0.503112924001717,0.50362096149221,0.49637903850779,0.498195137488056,0.501804862511944,0.497922346028637,0.502077653971363,0.502832747093414,0.497167252906586,0.497533793691844,0.502466206308156,0.49866452991453,0.50133547008547,0.502028072797139,0.497971927202861,0.500762093216033,0.499237906783967,0.501145444858817,0.498854555141183,0.499879456751761,0.500120543248239,0.501639517664481,0.498360482335519,0.496593895832216,0.503406104167784,0.50605559408846,0.49394440591154,0.501010208421948,0.498989791578052,0.503739259573565,0.496260740426435,0.497129982297087,0.502870017702913,0.503196127203188,0.496803872796812,0.497821929451764,0.502178070548236,0.50239360998704,0.49760639001296,0.497210001073077,0.502789998926923,0.506141916917584,0.493858083082416,0.50095856853765,0.49904143146235,0.501850461274405,0.498149538725595,0.497901949328093,0.502098050671907,0.499532847494728,0.500467152505272,0.495584429444252,0.504415570555748
"a4",0.50022,0.49978,0.50104,0.49896,0.50083,0.49917,0.500453333333333,0.499546666666667,0.500673037196967,0.499326962803033,0.501832527021444,0.498167472978556,0.501852518225314,0.498147481774686,0.501407285872451,0.498592714127549,0.499826590366428,0.500173409633572,0.499052916616645,0.500947083383355,0.499853637766778,0.500146362233222,0.500838256426633,0.499161743573367,0.499960083027303,0.500039916972697,0.500587889476778,0.499412110523222,0.500821709155043,0.499178290844958,0.500948639837529,0.499051360162471,0.501221305965431,0.498778694034569,0.501048259888585,0.498951740111415,0.500635611551491,0.499364388448509,0.499215364171191,0.500784635828809,0.501031712642987,0.498968287357013,0.500270448945249,0.499729551054751,0.501618532530506,0.498381467469494,0.500546171471199,0.499453828528801,0.501012415410028,0.498987584589972,0.498818929162441,0.501181070837559,0.501534724817168,0.498465275182832,0.500647253509849,0.499352746490151,0.503713365453723,0.496286634546277,0.502382410093965,0.497617589906035,0.497964830136476,0.502035169863524,0.497539173694432,0.502460826305568,0.499946618267229,0.500053381732771,0.501321197886083,0.498678802113917,0.50169886029215,0.49830113970785,0.500575204665846,0.499424795334154,0.502549529930419,0.497450470069581,0.503877410102512,0.496122589897488,0.499539637848441,0.500460362151559,0.497377937310684,0.502622062689316,0.502723094498021,0.497276905501979,0.501248638452751,0.498751361547249,0.499713207144477,0.500286792855523,0.500020008803874,0.499979991196126,0.49878273897108,0.50121726102892,0.499812729072474,0.500187270927526,0.503273638872962,0.496726361127038,0.50072673449522,0.49927326550478,0.496974543515927,0.503025456484073,0.498667199786752,0.501332800213248,0.501465451479504,0.498534548520496,0.501880328154066,0.498119671845934,0.501201683684986,0.498798316315014,0.503857338237442,0.496142661762558,0.499886401603742,0.500113598396258,0.498149014366856,0.501850985633144,0.502275449101796,0.497724550898204,0.502129075182967,0.497870924817033,0.500960179233457,0.499039820766543,0.499893313418505,0.500106686581495,0.504466897101835,0.495533102898165,0.501661792076575,0.498338207923425,0.4987586096428,0.5012413903572,0.499426023813338,0.500573976186662,0.500140458832185,0.499859541167815,0.499792656009631,0.500207343990369,0.502922419417114,0.497077580582886,0.501497823163669,0.498502176836331,0.4974322130864,0.5025677869136,0.499547643756153,0.500452356243847,0.500214184359187,0.499785815640813,0.501753634440845,0.498246365559155,0.497967452585,0.502032547415,0.500433165842541,0.499566834157459,0.499672613082114,0.500327386917886,0.502639139440102,0.497360860559898,0.506024414733393,0.493975585266607,0.496420557751897,0.503579442248103,0.501708397843148,0.498291602156852,0.49833355552593,0.50166644447407,0.498685904312379,0.501314095687621,0.498648720258598,0.501351279741402,0.500934080597812,0.499065919402188,0.502832138734531,0.497167861265469,0.50736501880994,0.49263498119006,0.496845257191744,0.503154742808256,0.500332756555304,0.499667243444696,0.499452179257636,0.500547820742364,0.504690876508723,0.495309123491277,0.498578097333262,0.501421902666738,0.507512919040678,0.492487080959322,0.50140056022409,0.49859943977591,0.497658236317409,0.502341763682591,0.501185054991878,0.498814945008122,0.49699318455165,0.50300681544835,0.500519986133703,0.499480013866297,0.500026746549695,0.499973253450305,0.49907343675544,0.50092656324456,0.499558433912276,0.500441566087724,0.503950716485871,0.496049283514129,0.500374712274503,0.499625287725496,0.500491146096052,0.499508853903948,0.497909287026926,0.502090712973074,0.498025719011792,0.501974280988208,0.499906399593507,0.500093600406493,0.505368302975268,0.494631697024732,0.496956001595108,0.503043998404892,0.502418054809242,0.497581945190758
"a5",0.50141,0.49859,0.50022,0.49978,0.50057,0.49943,0.50095,0.49905,0.499498082075215,0.500501917924785,0.499079263144599,0.500920736855401,0.499843773890961,0.500156226109039,0.500946001056312,0.499053998943688,0.502069168388188,0.497930831611812,0.502062482868355,0.497937517131645,0.500686364666214,0.499313635333786,0.499233670518305,0.500766329481695,0.502192368691109,0.497807631308891,0.502134272413195,0.497865727586805,0.501907505969293,0.498092494030707,0.499706537543186,0.500293462456814,0.49991676155849,0.50008323844151,0.498884604883766,0.501115395116234,0.501654780217219,0.498345219782781,0.502906646910812,0.497093353089188,0.50155844329202,0.49844155670798,0.50024361104993,0.49975638895007,0.500302758092957,0.499697241907043,0.501460558272615,0.498539441727385,0.501274245600027,0.498725754399973,0.502521457435795,0.497478542564205,0.498974718632068,0.501025281367932,0.499863073172361,0.500136926827639,0.497551107325383,0.502448892674617,0.500519058773424,0.499480941226576,0.500920859468838,0.499079140531162,0.503870278926999,0.496129721073001,0.50060435400534,0.49939564599466,0.499169843399259,0.500830156600741,0.503221830750064,0.496778169249936,0.50024783313462,0.49975216686538,0.497968643853316,0.502031356146684,0.50145858031516,0.49854141968484,0.499800260992303,0.500199739007697,0.501850914804655,0.498149085195345,0.49899890546998,0.50100109453002,0.5034304172562,0.4965695827438,0.500830531673156,0.499169468326844,0.499887047692451,0.500112952307549,0.501021897810219,0.498978102189781,0.498234903782349,0.501765096217651,0.502101263443387,0.497898736556613,0.502275809288524,0.497724190711476,0.50236865917922,0.49763134082078,0.50095810933092,0.49904189066908,0.503447998821655,0.496552001178345,0.499524644822646,0.500475355177354,0.50017289993084,0.49982710006916,0.50069159972336,0.49930840027664,0.502749776955138,0.497250223044862,0.501857597507224,0.498142402492776,0.499018072768769,0.500981927231231,0.500464425041798,0.499535574958202,0.501594970836726,0.498405029163274,0.502088811179478,0.497911188820522,0.499721241404943,0.500278758595057,0.500650436721799,0.499349563278201,0.500887246334272,0.499112753665728,0.502274819548772,0.497725180451228,0.498823685784542,0.501176314215458,0.497467933807403,0.502532066192596,0.499127282491944,0.500872717508056,0.502282491944146,0.497717508055854,0.502369351038766,0.497630648961234,0.497992075390876,0.502007924609124,0.502672941301942,0.497327058698058,0.501726413459359,0.498273586540641,0.500113580180927,0.499886419819073,0.49710704597993,0.50289295402007,0.50492801623975,0.49507198376025,0.500841368626299,0.499158631373701,0.501551465867751,0.498448534132249,0.505301859647253,0.494698140352747,0.501366446443259,0.498633553556741,0.498402726014269,0.501597273985731,0.499496715405806,0.500503284594194,0.502433415338539,0.497566584661461,0.496967923825735,0.503032076174265,0.502116872960656,0.497883127039344,0.498577392506714,0.501422607493286,0.502344060389352,0.497655939610648,0.50280726963093,0.497192730369069,0.501365754378448,0.498634245621552,0.498060882962333,0.501939117037667,0.503237104648695,0.496762895351305,0.497136493795737,0.502863506204263,0.502312722632782,0.497687277367218,0.502290767673539,0.497709232326461,0.50225881472373,0.49774118527627,0.500903150401105,0.499096849598895,0.500871196890497,0.499128803109503,0.496522689120414,0.503477310879586,0.499475453934095,0.500524546065904,0.49840874131438,0.50159125868562,0.505079748023053,0.494920251976947,0.497875865017234,0.502124134982766,0.496337877572841,0.503662122427158,0.500887049083383,0.499112950916617,0.499349010229839,0.500650989770161,0.499761955141769,0.500238044858231,0.501942271378473,0.498057728621527,0.503839795210922,0.496160204789078,0.506019905821918,0.493980094178082
"a251",0.499473333333333,0.500526666666667,0.500293333333333,0.499706666666667,0.499313333333333,0.500686666666667,0.50214,0.49786,0.499012292948573,0.500987707051427,0.499285914496603,0.500714085503397,0.501995435191735,0.498004564808265,0.501571677832683,0.498428322167317,0.499340694468493,0.500659305531507,0.502284260578857,0.497715739421143,0.498194392622995,0.501805607377006,0.500979425403763,0.499020574596237,0.50235861627845,0.49764138372155,0.500753775548322,0.499246224451678,0.497645285234004,0.502354714765996,0.501921127061209,0.498078872938791,0.499445905710509,0.500554094289491,0.501962695435064,0.498037304564936,0.503651681642789,0.496348318357211,0.499500685724938,0.500499314275062,0.498628550124496,0.501371449875504,0.500632464748412,0.499367535251588,0.49932953625151,0.50067046374849,0.500511145630037,0.499488854369963,0.500816505357072,0.499183494642928,0.499618366609087,0.500381633390913,0.500073648549124,0.499926351450876,0.49779723884894,0.50220276115106,0.500742246532839,0.499257753467161,0.502922177791449,0.497077822208551,0.501214897430791,0.498785102569209,0.501799110402974,0.498200889597026,0.497835324834486,0.502164675165514,0.501072346774301,0.498927653225699,0.497454671779592,0.502545328220408,0.502772470371311,0.497227529628689,0.500467826877322,0.499532173122678,0.502673296441842,0.497326703558158,0.503454254467858,0.496545745532142,0.50462790077354,0.49537209922646,0.497958532271149,0.50204146772885,0.504395472862444,0.495604527137556,0.500945002211707,0.499054997788293,0.502902028068576,0.497097971931424,0.497560910593378,0.502439089406622,0.50131950738391,0.49868049261609,0.499694059432281,0.500305940567719,0.499946792944744,0.500053207055256,0.498431178818911,0.501568821181089,0.500313764236218,0.499686235763782,0.50056434157936,0.49943565842064,0.500949421715864,0.499050578284136,0.499933528316937,0.500066471683063,0.499960116990162,0.500039883009838,0.501087215931691,0.498912784068309,0.501670600090159,0.498329399909841,0.49875328258044,0.50124671741956,0.503010689938725,0.496989310061275,0.499906969326458,0.500093030673542,0.498617829993089,0.501382170006911,0.498475690578442,0.501524309421558,0.502703992365198,0.497296007634802,0.500186175164233,0.499813824835767,0.498311125295886,0.501688874704114,0.498083675055614,0.501916324944386,0.498606309131355,0.501393690868645,0.502060586598159,0.497939413401841,0.496989402697495,0.503010597302505,0.4976302048467,0.5023697951533,0.498928906145401,0.501071093854599,0.501607114158676,0.498392885841324,0.496665238120748,0.503334761879252,0.500430396772024,0.499569603227976,0.501210490921318,0.498789509078682,0.498813459897611,0.501186540102389,0.498946779010239,0.501053220989761,0.5020030981251,0.4979969018749,0.506768391215661,0.493231608784339,0.503344750080274,0.496655249919726,0.502457629394859,0.497542370605141,0.503843990249391,0.496156009750609,0.496805622105095,0.503194377894905,0.498819534710985,0.501180465289015,0.503084122088695,0.496915877911305,0.499827150644861,0.500172849355139,0.506178392824068,0.493821607175932,0.500093047986176,0.499906952013824,0.497143160859975,0.502856839140025,0.499800569042997,0.500199430957003,0.505589766630547,0.494410233369453,0.495596688287718,0.504403311712282,0.501386001386001,0.498613998613999,0.500066466381304,0.499933533618696,0.496554476519888,0.503445523480112,0.501948121263877,0.498051878736123,0.498436091819965,0.501563908180035,0.501668101592768,0.498331898407232,0.496215553541922,0.503784446458078,0.495567896619854,0.504432103380146,0.497769656580857,0.502230343419143,0.501142258177225,0.498857741822775,0.501278841235226,0.498721158764774,0.500362270226754,0.499637729773246,0.500498853984091,0.499501146015909,0.495042095416277,0.504957904583723,0.502832974223925,0.497167025776075,0.494909819639279,0.505090180360721,0.502700689141367,0.497299310858633
"a252",0.500356666666667,0.499643333333333,0.500286666666667,0.499713333333333,0.50028,0.49972,0.500686666666667,0.499313333333333,0.500569593689835,0.499430406310165,0.499483701626173,0.500516298373827,0.501468952147468,0.498531047852532,0.500003335712808,0.499996664287192,0.501077435237136,0.498922564762864,0.499903264328554,0.500096735671446,0.500639633276921,0.499360366723079,0.499800114600962,0.500199885399038,0.500732913129806,0.499267086870194,0.500073375401897,0.499926624598103,0.500760435983297,0.499239564016703,0.500640367143829,0.499359632856171,0.499560246262093,0.500439753737907,0.499806774872738,0.500193225127262,0.49898723381573,0.50101276618427,0.501153979561888,0.498846020438112,0.500767096240561,0.499232903759439,0.502388003948878,0.497611996051122,0.501138436547142,0.498861563452858,0.500332876183375,0.499667123816625,0.498581947458823,0.501418052541177,0.499572746571959,0.500427253428041,0.500240330053273,0.499759669946727,0.501982722939504,0.498017277060496,0.497571168101785,0.502428831898215,0.501550459814477,0.498449540185523,0.502034771238342,0.497965228761658,0.499913272045579,0.500086727954421,0.501400597588304,0.498599402411696,0.501387258563654,0.498612741436346,0.500120086462253,0.499879913537747,0.499893256477997,0.500106743522002,0.498652902262057,0.501347097737943,0.498906316688007,0.501093683311993,0.500958619587794,0.499041380412206,0.49906800873409,0.50093199126591,0.498406942796582,0.501593057203418,0.497993681095277,0.502006318904723,0.500712658683113,0.499287341316887,0.499980018915427,0.500019981084573,0.502482330862094,0.497517669137906,0.504026300728062,0.495973699271938,0.499043925920973,0.500956074079027,0.500742127431972,0.499257872568028,0.502870539341707,0.497129460658293,0.503469955909581,0.496530044090419,0.499432144622744,0.500567855377256,0.501302727041941,0.498697272958059,0.500650955177086,0.499349044822914,0.496931211308021,0.503068788691979,0.500013345433193,0.499986654566807,0.50024021779747,0.49975978220253,0.501457027663566,0.498542972336434,0.497065985389805,0.502934014610195,0.500819420942534,0.499180579057466,0.500099929383236,0.499900070616764,0.499479236213113,0.500520763786887,0.498811590332488,0.501188409667512,0.502788252164215,0.497211747835785,0.501845557384885,0.498154442615115,0.500487752729411,0.499512247270589,0.502051234081221,0.497948765918779,0.499993329864863,0.500006670135137,0.501914328784301,0.498085671215699,0.499819839056224,0.500180160943776,0.502542271095512,0.497457728904488,0.499325416438466,0.500674583561534,0.501422636619869,0.498577363380131,0.49964092879751,0.50035907120249,0.500797936005532,0.499202063994468,0.499504021447721,0.500495978552279,0.499678284182306,0.500321715817694,0.497713108834622,0.502286891165378,0.498272471163557,0.501727528836443,0.500093112346697,0.499906887653303,0.499866602635932,0.500133397364068,0.505350709896164,0.494649290103836,0.501567482114627,0.498432517885373,0.502688675459483,0.497311324540517,0.499919923126201,0.500080076873799,0.493764262590883,0.506235737409117,0.500387007233032,0.499612992766968,0.500106416941577,0.499893583058423,0.500093420525824,0.499906579474176,0.497460300486553,0.502539699513447,0.500160068295806,0.499839931704194,0.498126137702109,0.501873862297891,0.500825917834497,0.499174082165503,0.50380268300412,0.49619731699588,0.499866481521043,0.500133518478957,0.504749054157737,0.495250945842263,0.50081292145313,0.49918707854687,0.501401756868609,0.498598243131391,0.503681963713981,0.496318036286019,0.502701979668272,0.497298020331728,0.500146741015448,0.499853258984552,0.499840298110194,0.500159701889806,0.501754199447161,0.498245800552839,0.498685503359269,0.501314496640731,0.500599408583531,0.499400591416469,0.501140541555967,0.498859458444033,0.498218924927016,0.501781075072984,0.50096576885932,0.49903423114068,0.498044153895617,0.501955846104383
"a253",0.501053333333333,0.498946666666667,0.502116666666667,0.497883333333333,0.50029,0.49971,0.500083333333333,0.499916666666667,0.500964634503313,0.499035365496687,0.50028606402512,0.49971393597488,0.499760504537109,0.500239495462891,0.503273562972662,0.496726437027338,0.500293952593464,0.499706047406536,0.500407525186393,0.499592474813607,0.499903740830484,0.500096259169516,0.500448103030504,0.499551896969496,0.501908586981777,0.498091413018223,0.502212700431828,0.497787299568172,0.500130552672982,0.499869447327018,0.498242560171392,0.501757439828608,0.501049391353015,0.498950608646985,0.502275346965427,0.497724653034573,0.500902809703705,0.499097190296295,0.501057279889002,0.498942720110998,0.501957802191938,0.498042197808062,0.499262905818708,0.500737094181292,0.500729878353608,0.499270121646392,0.503949341776371,0.496050658223629,0.501109815030828,0.498890184969172,0.501376896149358,0.498623103850642,0.500283380563427,0.499716619436573,0.499469911651942,0.500530088348058,0.500803420846447,0.499196579153553,0.501719719001899,0.498280280998101,0.500092921998619,0.499907078001381,0.502097382254553,0.497902617745447,0.499766707104102,0.500233292895898,0.497793715755936,0.502206284244064,0.500497632881429,0.499502367118571,0.498695394878416,0.501304605121584,0.501482693049295,0.498517306950705,0.501442799962766,0.498557200037234,0.503071335096013,0.496928664903987,0.50036054803301,0.49963945196699,0.500258672149632,0.499741327850368,0.503495390329641,0.496504609670359,0.501847340097989,0.498152659902011,0.498286525126503,0.501713474873497,0.500445982826333,0.499554017173667,0.498076283032683,0.501923716967317,0.503476028770823,0.496523971229177,0.500454557608492,0.499545442391508,0.499548172757475,0.500451827242525,0.500318936877076,0.499681063122924,0.50257825161057,0.49742174838943,0.498198572251316,0.501801427748684,0.502928569526903,0.497071430473097,0.501970128590826,0.498029871409174,0.504973098540779,0.495026901459221,0.500246986102025,0.499753013897975,0.499715627273328,0.500284372726671,0.50203028900205,0.49796971099795,0.501760279494759,0.498239720505241,0.500174684224671,0.499825315775329,0.501589539632078,0.498410460367922,0.504875031591269,0.495124968408731,0.499866392325575,0.500133607674425,0.503019533442001,0.496980466557999,0.499002579993085,0.500997420006915,0.498603611990318,0.501396388009682,0.50157125473048,0.49842874526952,0.500340995707466,0.499659004292534,0.500093296014927,0.499906703985073,0.498853791816607,0.501146208183393,0.502661952098205,0.497338047901795,0.500086730268864,0.499913269731136,0.500507288941101,0.499492711058899,0.499666257275591,0.500333742724409,0.502244661435784,0.497755338564216,0.500899196717599,0.499100803282401,0.504879083580823,0.495120916419177,0.502110264645768,0.497889735354232,0.497986075915602,0.502013924084398,0.498589202697982,0.501410797302018,0.49855018488468,0.50144981511532,0.502084495074219,0.497915504925781,0.497601535017589,0.502398464982411,0.498801798648321,0.501198201351679,0.503957015431037,0.496042984568963,0.500105752961083,0.499894247038917,0.499959829677834,0.500040170322166,0.500391056932496,0.499608943067505,0.504919250046408,0.495080749953592,0.50483053109154,0.49516946890846,0.501633470334071,0.498366529665929,0.501544743841173,0.498455256158827,0.500922139363323,0.499077860636677,0.505115806908343,0.494884193091657,0.497782145608117,0.502217854391883,0.501975965803694,0.498024034196306,0.497628058205853,0.502371941794147,0.500079982936973,0.499920017063027,0.499575281376088,0.500424718623912,0.500603654119604,0.499396345880396,0.498026245599061,0.501973754400939,0.50130960017105,0.49869039982895,0.49886451681851,0.50113548318149,0.502147869473572,0.497852130526428,0.499973476208159,0.500026523791841,0.5018332664258,0.4981667335742,0.501316454349618,0.498683545650382,0.503176213099877,0.496823786900123
"a254",0.501206666666667,0.498793333333333,0.500163333333333,0.499836666666667,0.50045,0.49955,0.501636666666667,0.498363333333333,0.500724917199824,0.499275082800176,0.500325880209095,0.499674119790905,0.501709208443623,0.498290791556377,0.49959903233136,0.50040096766864,0.500574720325051,0.499425279674949,0.501563773907697,0.498436226092303,0.501769421988817,0.498230578011183,0.501229598331212,0.498770401668788,0.501736099540817,0.498263900459183,0.500643543557562,0.499356456442438,0.499669892164774,0.500330107835226,0.501537168808477,0.498462831191523,0.501082359210044,0.498917640789956,0.500942485096746,0.499057514903254,0.501501981549938,0.498498018450062,0.50133119807827,0.49866880192173,0.499382777833383,0.500617222166617,0.501771594434992,0.498228405565009,0.501279146261238,0.498720853738762,0.50026247416789,0.49973752583211,0.500315633493033,0.499684366506967,0.501133711014053,0.498866288985947,0.500063541325271,0.499936458674729,0.500585249048552,0.499414750951448,0.50027892150352,0.49972107849648,0.500504715101607,0.499495284898393,0.502187027648845,0.497812972351155,0.502976230286655,0.497023769713346,0.500372975277067,0.499627024722933,0.502917199488491,0.497082800511509,0.498964996861603,0.501035003138397,0.500153581110859,0.499846418889141,0.500677921042137,0.499322078957863,0.502392662501662,0.497607337498338,0.501208197049596,0.498791802950404,0.500607436085709,0.499392563914291,0.500817721283357,0.499182278716643,0.501974497732984,0.498025502267016,0.501347996690068,0.498652003309932,0.501027680644903,0.498972319355097,0.500771974657935,0.499228025342065,0.501024862907949,0.498975137092051,0.497986164077449,0.502013835922551,0.502522312766783,0.497477687233217,0.502725815072154,0.497274184927846,0.501496525921967,0.498503474078033,0.499940019993336,0.500059980006664,0.502045984671776,0.497954015328224,0.499522786924362,0.500477213075638,0.501007449826347,0.498992550173653,0.501005955791241,0.498994044208759,0.499620268343704,0.500379731656296,0.500537955768081,0.499462044231919,0.501467755861061,0.498532244138939,0.502021115336542,0.497978884663458,0.499162300880249,0.500837699119751,0.501972294901252,0.498027705098748,0.5014144741211,0.4985855258789,0.500585121944733,0.499414878055267,0.499109018856884,0.500890981143115,0.501935294431691,0.498064705568309,0.499639634829961,0.500360365170039,0.49818328082054,0.50181671917946,0.501535161225448,0.498464838774552,0.503009469798299,0.496990530201701,0.500989781178107,0.499010218821893,0.499257475416416,0.500742524583584,0.500180614087899,0.499819385912101,0.500187060741295,0.499812939258705,0.500467651853237,0.499532348146763,0.502082579988482,0.497917420011518,0.499658483667484,0.500341516332516,0.501168162268359,0.498831837731641,0.502783474948725,0.497216525051275,0.50362048770099,0.49637951229901,0.498420855414592,0.501579144585408,0.499840527322985,0.500159472677015,0.50317067927773,0.49682932072227,0.502212861256265,0.497787138743735,0.501879148119519,0.498120851880481,0.50094206936815,0.49905793063185,0.501994574756662,0.498005425243338,0.501072705601907,0.498927294398093,0.497236388881472,0.502763611118528,0.499457600211668,0.500542399788332,0.503386847298523,0.496613152701477,0.500013243980611,0.499986756019389,0.503942461374534,0.496057538625466,0.499588236856786,0.500411763143214,0.498628677939023,0.501371322060977,0.501065757220505,0.498934242779495,0.500106196569851,0.499893803430149,0.499614433483128,0.500385566516872,0.502381785397099,0.497618214602901,0.499665032022939,0.500334967977061,0.500694667094154,0.499305332905846,0.501909977293976,0.498090022706024,0.499024246798728,0.500975753201273,0.50162857753097,0.49837142246903,0.498742844915209,0.501257155084791,0.50196057510203,0.49803942489797,0.497337134864705,0.502662865135295,0.504395840034309,0.495604159965691,0.49977247785005,0.50022752214995
"a255",0.500833333333333,0.499166666666667,0.502273333333333,0.497726666666667,0.500863333333333,0.499136666666667,0.50052,0.49948,0.502542429284526,0.497457570715474,0.500559068219634,0.499440931780366,0.500505823627288,0.499494176372712,0.502003338898164,0.497996661101836,0.501168614357262,0.498831385642738,0.500534223706177,0.499465776293823,0.501101657795888,0.498898342204112,0.500968927940962,0.499031072059038,0.502010857302133,0.497989142697867,0.500562557762627,0.499437442237373,0.500756774133058,0.499243225866942,0.499015523915402,0.500984476084598,0.500529086444073,0.499470913555927,0.50237922520448,0.49762077479552,0.500076534517067,0.499923465482933,0.501138632705805,0.498861367294195,0.502167075149759,0.497832924850241,0.500964999565917,0.499035000434083,0.500819148085991,0.499180851914009,0.503769413143664,0.496230586856336,0.5004195636538,0.4995804363462,0.500847548116708,0.499152451883292,0.500774138437308,0.499225861562692,0.501308027014762,0.498691972985238,0.499728501993193,0.500271498006807,0.502695114360258,0.497304885639742,0.50221483205853,0.49778516794147,0.50132357831726,0.49867642168274,0.501398124239059,0.498601875760941,0.498294154636555,0.501705845363445,0.500113979215555,0.499886020784445,0.499738518270198,0.500261481729802,0.50170857211238,0.49829142788762,0.502413275006981,0.497586724993019,0.503051299133911,0.496948700866089,0.497734843437708,0.502265156562292,0.499860903201876,0.500139096798124,0.501715527176865,0.498284472823135,0.501203659123736,0.498796340876264,0.498421869148879,0.501578130851121,0.503378153276209,0.496621846723791,0.498594101890966,0.501405898109034,0.50095046854083,0.49904953145917,0.50334672021419,0.49665327978581,0.502347230533945,0.497652769466055,0.502307334264246,0.497692665735754,0.499919512784053,0.500080487215947,0.499610978456255,0.500389021543745,0.50474062844909,0.49525937155091,0.502466722516988,0.497533277483012,0.502795010339537,0.497204989660463,0.498365686078314,0.501634313921686,0.501784675585638,0.498215324414362,0.500674210776797,0.499325789223203,0.499838952115096,0.500161047884904,0.500161047884904,0.499838952115096,0.502867941603119,0.497132058396881,0.50402576489533,0.49597423510467,0.49876691328401,0.50123308671599,0.503512630807172,0.496487369192828,0.500339778011699,0.499660221988301,0.498647550267159,0.501352449732841,0.501209973928739,0.498790026071261,0.503977538605522,0.496022461394478,0.500413124017165,0.499586875982835,0.501266025213892,0.498733974786108,0.501283319519825,0.498716680480175,0.501350159078149,0.498649840921851,0.498189515162811,0.501810484837189,0.500732181367981,0.499267818632019,0.503519524663437,0.496480475336563,0.500816315606349,0.499183684393651,0.505843691198686,0.494156308801315,0.497589659373841,0.502410340626159,0.498959333973743,0.501040666026257,0.49788181038181,0.50211818961819,0.4995499549955,0.5004500450045,0.505090724459528,0.494909275540472,0.497625244854697,0.502374755145303,0.501596072856032,0.498403927143968,0.502858497773797,0.497141502226203,0.498474274948921,0.501525725051079,0.502067447105574,0.497932552894426,0.49825587635505,0.50174412364495,0.505134176679193,0.494865823320807,0.502904564315353,0.497095435684647,0.50397380719774,0.49602619280226,0.50174412364495,0.49825587635505,0.504343177869838,0.495656822130162,0.502686170212766,0.497313829787234,0.499589632257552,0.500410367742448,0.497932552894426,0.502067447105574,0.496564580559254,0.503435419440746,0.505975245411865,0.494024754588135,0.50073335288941,0.49926664711059,0.501970139652076,0.498029860347924,0.498249739465035,0.501750260534965,0.50319671043905,0.49680328956095,0.495719678842984,0.504280321157016,0.50066659556314,0.49933340443686,0.50241854037102,0.49758145962898,0.499191374663073,0.500808625336927,0.505130397605814,0.494869602394186,0.501903383196611,0.498096616803389
"a501",0.471018994371341,0.528981005628659,0.471367255887502,0.528632744112498,0.470730345186775,0.529269654813225,0.500712210488005,0.499287789511995,0.500659446065305,0.499340553934695,0.499693590717131,0.500306409282869,0.500393003210636,0.499606996789364,0.445284697508897,0.554715302491103,0.44494068801898,0.55505931198102,0.500996441281139,0.499003558718861,0.500289542522814,0.499710457477186,0.500482570871357,0.499517429128643,0.500529163921005,0.499470836078995,0.444919252888913,0.555080747111087,0.444201105116655,0.555798894883346,0.500875428069488,0.499124571930512,0.5,0.5,0.501159737126251,0.498840262873749,0.500813149019556,0.499186850980444,0.445243402176748,0.554756597823252,0.444869940483248,0.555130059516752,0.500622436155834,0.499377563844166,0.470718716711573,0.529281283288427,0.471194937026129,0.528805062973871,0.470825239676671,0.529174760323329,0.471320128694953,0.528679871305047,0.471540066358335,0.528459933641665,0.470635179971848,0.529364820028152,0.499188419680158,0.500811580319843,0.501024453846359,0.498975546153641,0.501778221778222,0.498221778221778,0.5000333000333,0.4999666999667,0.500200096046102,0.499799903953898,0.499759884744677,0.500240115255323,0.399315690991713,0.600684309008287,0.501769580326116,0.498230419673884,0.500153298585654,0.499846701414346,0.500579868563126,0.499420131436874,0.502166175666849,0.497833824333151,0.501046429475985,0.498953570524015,0.498995890465614,0.501004109534386,0.502174462369167,0.497825537630833,0.501008778376067,0.498991221623933,0.499445505925738,0.500554494074262,0.501164973571742,0.498835026428258,0.500206366746994,0.499793633253006,0.399687977517284,0.600312022482716,0.500956370280927,0.499043629719073,0.501585694107614,0.498414305892386,0.498880686512272,0.501119313487728,0.400091835209192,0.599908164790808,0.502018238899686,0.497981761100314,0.501291232927771,0.498708767072229,0.49988019488299,0.50011980511701,0.444428659373964,0.555571340626036,0.444985083108396,0.555014916891604,0.500784595334982,0.499215404665018,0.502127716162664,0.497872283837336,0.443928334439283,0.556071665560717,0.44293297942933,0.55706702057067,0.49976709831113,0.50023290168887,0.502521992573763,0.497478007426237,0.444873358515589,0.555126641484411,0.443322163147861,0.556677836852139,0.50002666524452,0.49997333475548,0.499506692976375,0.500493307023625,0.446144154424,0.553855845576,0.444896115627823,0.555103884372177,0.499793440744146,0.500206559255854,0.498833939684697,0.501166060315303,0.445913647335815,0.554086352664185,0.445473679203777,0.554526320796223,0.500233660457974,0.499766339542025,0.499793043594365,0.500206956405635,0.445614368300471,0.554385631699529,0.446421576192115,0.553578423807884,0.503065031982942,0.496934968017058,0.501287462504314,0.498712537495686,0.498093180787796,0.501906819212204,0.500803298880737,0.499196701119263,0.498990489347006,0.501009510652994,0.498770185006951,0.501229814993049,0.501427923239117,0.498572076760883,0.502411933284679,0.497588066715321,0.501221519995751,0.498778480004249,0.503036760788492,0.496963239211508,0.498531923980354,0.501468076019645,0.398546709853392,0.601453290146608,0.50263634426928,0.49736365573072,0.502407747359459,0.497592252640541,0.499880823115019,0.500119176884981,0.499652220438737,0.500347779561263,0.499946766036731,0.500053233963269,0.397943729869243,0.602056270130757,0.501696092310158,0.498303907689842,0.3996213732664,0.6003786267336,0.497146970989761,0.502853029010239,0.500519515119222,0.499480484880778,0.501866666666667,0.498133333333333,0.400090134558019,0.599909865441981,0.497664486854397,0.502335513145603,0.501923590702645,0.498076409297355,0.498103227185296,0.501896772814704,0.502362330833089,0.497637669166911,0.50238418711207,0.49761581288793,0.401438910539163,0.598561089460837,0.50147578908182,0.49852421091818,0.400566110563108,0.599433889436892
"a502",0.470350125201609,0.529649874798391,0.471897102477046,0.528102897522954,0.471068700852877,0.528931299147123,0.500533440439806,0.499466559560194,0.503442432652408,0.496557567347592,0.499326190507959,0.500673809492041,0.501594460085127,0.498405539914873,0.443883596378975,0.556116403621025,0.445974927721693,0.554025072278307,0.49959121285369,0.50040878714631,0.501792043195223,0.498207956804777,0.499857035515038,0.500142964484962,0.501366474495801,0.498633525504199,0.442254558850617,0.557745441149383,0.445344297945918,0.554655702054082,0.499789065888686,0.500210934111314,0.498564510434777,0.501435489565223,0.500736063094929,0.499263936905071,0.501875129060837,0.498124870939163,0.445222261113056,0.554777738886944,0.446212988615532,0.553787011384468,0.499338526248346,0.500661473751654,0.47134716292716,0.52865283707284,0.472682477290252,0.527317522709748,0.472331408725308,0.527668591274692,0.469350957762937,0.530649042237063,0.471110050071306,0.528889949928694,0.469803295785089,0.530196704214911,0.499635583000941,0.500364416999059,0.505877052330281,0.494122947669719,0.500080081148898,0.499919918851102,0.496823447760397,0.503176552239603,0.499012508229098,0.500987491770902,0.497252488882321,0.502747511117679,0.402789022883198,0.597210977116802,0.501800400562492,0.498199599437508,0.503754375651337,0.496245624348663,0.502912647302461,0.497087352697539,0.49773503194867,0.50226496805133,0.500843551151082,0.499156448848918,0.501569733411377,0.498430266588623,0.502527536848827,0.497472463151173,0.495550426278502,0.504449573721498,0.501220797587757,0.498779202412243,0.503131329282593,0.496868670717408,0.500279820914615,0.499720179085385,0.400534673581778,0.599465326418222,0.498583115008287,0.501416884991713,0.502014225885794,0.497985774114206,0.500206075915708,0.499793924084292,0.399462227364271,0.600537772635729,0.49863949950722,0.50136050049278,0.507740802809034,0.492259197190966,0.500638416726518,0.499361583273482,0.441424454800953,0.558575545199047,0.447092864681537,0.552907135318463,0.506306449687662,0.493693550312338,0.501014602315681,0.498985397684319,0.440009986446965,0.559990013553035,0.446620063247497,0.553379936752503,0.49959518468869,0.50040481531131,0.501386990164979,0.498613009835021,0.446061542117144,0.553938457882856,0.446988238089581,0.553011761910419,0.499116560475451,0.500883439524549,0.498005568346094,0.501994431653906,0.446338720179956,0.553661279820044,0.444858817261588,0.555141182738412,0.497252893796341,0.502747106203659,0.498693124233211,0.501306875766789,0.444497238225337,0.555502761774663,0.444069608600107,0.555930391399893,0.49752607649104,0.50247392350896,0.500080235357047,0.499919764642953,0.444385197824464,0.555614802175536,0.445439787660114,0.554560212339886,0.50567579036707,0.49432420963293,0.499359453400235,0.500640546599765,0.500107694792957,0.499892305207043,0.502314263799624,0.497685736200376,0.506078021134034,0.493921978865966,0.494286629645451,0.505713370354549,0.494408538711148,0.505591461288852,0.501453825433918,0.498546174566082,0.499436804191225,0.500563195808775,0.502632710079519,0.497367289920481,0.501877820107536,0.498122179892464,0.403201494596947,0.596798505403053,0.506522143407455,0.493477856592545,0.496260145350379,0.503739854649621,0.504711986446421,0.495288013553579,0.494449916149812,0.505550083850188,0.508962578239446,0.491037421760554,0.397083109919571,0.602916890080429,0.507907397070941,0.492092602929059,0.396072786645756,0.603927213354244,0.499839090323965,0.500160909676035,0.497559681697613,0.502440318302387,0.496178514163549,0.503821485836451,0.402373569977547,0.597626430022453,0.500954172826233,0.499045827173767,0.499214903526281,0.500785096473719,0.498395550326238,0.501604449673762,0.496656323560882,0.503343676439118,0.497293549849345,0.502706450150655,0.403966730646193,0.596033269353807,0.496116194935093,0.503883805064907,0.402833272793316,0.597166727206684
"a503",0.470306910186406,0.529693089813594,0.472007782589594,0.527992217410406,0.471452331638737,0.528547668361263,0.500677838448503,0.499322161551497,0.499893239383991,0.500106760616009,0.500580510849548,0.499419489150452,0.50146128593162,0.49853871406838,0.44724868477179,0.55275131522821,0.445589838380966,0.554410161619034,0.499982226645813,0.500017773354187,0.498091882188684,0.501908117811316,0.501436074729074,0.498563925270926,0.501928063293664,0.498071936706336,0.445468053491828,0.554531946508172,0.444647845468053,0.555352154531947,0.499560178306092,0.500439821693908,0.499364320755094,0.500635679244906,0.502026851623811,0.497973148376189,0.499783669366917,0.500216330633083,0.444388370035683,0.555611629964317,0.445231465263883,0.554768534736117,0.50147541664935,0.49852458335065,0.471042834041593,0.528957165958407,0.473186416456696,0.526813583543304,0.470610356887669,0.529389643112331,0.469568988272559,0.530431011727441,0.470825948690876,0.529174051309124,0.472296592380306,0.527703407619694,0.500921006967618,0.499078993032382,0.501842013935236,0.498157986064764,0.501947226196153,0.498052773803847,0.502013458379696,0.497986541620304,0.500240160106738,0.499759839893262,0.50108072048032,0.49891927951968,0.399989281886388,0.600010718113612,0.498338692390139,0.501661307609861,0.500233268018288,0.499766731981712,0.500313245624558,0.499686754375442,0.50381588044461,0.49618411955539,0.499255437962027,0.500744562037973,0.497580249532624,0.502419750467376,0.500802163853569,0.499197836146431,0.501162915040368,0.498837084959632,0.498756883922365,0.501243116077635,0.499552420270686,0.500447579729314,0.502611995136746,0.497388004863254,0.401784569352426,0.598215430647574,0.500566360333405,0.499433639666595,0.498606462281135,0.501393537718865,0.503060448865834,0.496939551134166,0.400875446820351,0.599124553179649,0.50020334339348,0.49979665660652,0.500272776868522,0.499727223131478,0.499434486979894,0.500565513020106,0.44906568080291,0.55093431919709,0.444942116052279,0.555057883947721,0.498006490496059,0.501993509503941,0.500311278892642,0.499688721107358,0.446823952124305,0.553176047875695,0.443932850293274,0.556067149706726,0.499893452666347,0.500106547333653,0.503049917425816,0.496950082574184,0.44539556250148,0.55460443749852,0.446638725107149,0.553361274892851,0.499511476945727,0.500488523054273,0.501733253028174,0.498266746971826,0.445431817912535,0.554568182087465,0.446237514662496,0.553762485337504,0.498177934992992,0.501822065007008,0.502569578856037,0.497430421143963,0.444114538177413,0.555885461822587,0.445361583866792,0.554638416133208,0.498835646515589,0.501164353484411,0.501004670720835,0.498995329279165,0.443375215863753,0.556624784136247,0.443815875662478,0.556184124337522,0.499680238755063,0.500319761244937,0.501913282136542,0.498086717863458,0.50094684341077,0.49905315658923,0.49655671373831,0.50344328626169,0.504011767852367,0.495988232147633,0.502114417936647,0.497885582063353,0.501214726219398,0.498785273780602,0.499526625104946,0.500473374895054,0.498763199191425,0.501236800808575,0.50184706316956,0.49815293683044,0.500106507615295,0.499893492384705,0.398558984837079,0.601441015162921,0.499600362338147,0.500399637661853,0.506498002663116,0.493501997336884,0.496465542347304,0.503534457652697,0.503363439015893,0.496636560984107,0.500943672080598,0.499056327919402,0.403027133189591,0.596972866810409,0.499549358498569,0.500450641501431,0.401685994265908,0.598314005734092,0.503094772380161,0.496905227619839,0.50204819918072,0.49795180081928,0.500374391613628,0.499625608386372,0.401410105757932,0.598589894242068,0.500866967215301,0.499133032784699,0.50114173437417,0.49885826562583,0.498698539176627,0.501301460823373,0.498973305954825,0.501026694045175,0.498146556355431,0.501853443644569,0.40053918736761,0.59946081263239,0.497651952234,0.502348047766,0.400064239828694,0.599935760171306
"a504",0.469845163556972,0.530154836443028,0.471316360716213,0.528683639283787,0.470980714456002,0.529019285543998,0.501267299898365,0.498732700101635,0.500891301299898,0.499108698700102,0.501071564484147,0.498928435515853,0.504496564984878,0.495503435015122,0.445105824019123,0.554894175980877,0.444312957451466,0.555687042548534,0.49840539149266,0.50159460850734,0.499327787021631,0.500672212978369,0.501524126455907,0.498475873544093,0.499940099833611,0.500059900166389,0.443561689351956,0.556438310648044,0.443751557512252,0.556248442487748,0.502450485943823,0.497549514056177,0.499863463498132,0.500136536501868,0.501881539598916,0.498118460401084,0.499730257154846,0.500269742845154,0.443120163657387,0.556879836342613,0.444104479824483,0.555895520175517,0.502635714073942,0.497364285926058,0.472872000901138,0.527127999098862,0.470068461432559,0.529931538567441,0.469536539881601,0.5304634601184,0.466802943581357,0.533197056418643,0.472570601924649,0.527429398075351,0.47243222844204,0.52756777155796,0.50221262529324,0.49778737470676,0.501652804435914,0.498347195564086,0.500837476404435,0.499162523595565,0.498231994257305,0.501768005742695,0.49992642829434,0.50007357170566,0.507350482229089,0.492649517770911,0.39897207323445,0.60102792676555,0.49854448129152,0.50145551870848,0.502031951606241,0.497968048393759,0.503604215799923,0.496395784200077,0.501731209716082,0.498268790283918,0.49585841367922,0.50414158632078,0.50001327069565,0.49998672930435,0.498288080261167,0.501711919738833,0.499712524569121,0.500287475430879,0.501183329099199,0.498816670900801,0.499745751371604,0.500254248628396,0.505392747223337,0.494607252776663,0.399829633178938,0.600170366821062,0.500441888942128,0.499558111057871,0.498638111514634,0.501361888485366,0.50160222174749,0.49839777825251,0.398766920180482,0.601233079819518,0.503461370254616,0.496538629745384,0.498067863003547,0.501932136996453,0.500185273410619,0.499814726589381,0.444950969917136,0.555049030082864,0.442042405679417,0.557957594320583,0.50103839395069,0.49896160604931,0.499866872570424,0.500133127429576,0.447887390472592,0.552112609527408,0.442632436645332,0.557367563354668,0.503738454772028,0.496261545227972,0.500433154296224,0.499566845703776,0.445550744983307,0.554449255016693,0.443191336251135,0.556808663748865,0.50376598353477,0.49623401646523,0.5019739412803,0.4980260587197,0.445259693534498,0.554740306465502,0.446569072700034,0.553430927299966,0.497617589906035,0.502382410093965,0.50318098330982,0.49681901669018,0.439193379126121,0.560806620873879,0.444881701965274,0.555118298034726,0.495992650974545,0.504007349025455,0.503328362977953,0.496671637022047,0.440663821264217,0.559336178735783,0.445027301557023,0.554972698442977,0.500743139232443,0.499256860767557,0.495832890965071,0.504167109034929,0.506488641532657,0.493511358467343,0.495884113748129,0.504115886251871,0.502570556418358,0.497429443581642,0.500639147802929,0.499360852197071,0.508212069334475,0.491787930665525,0.500310476359443,0.499689523640557,0.501301944946328,0.498698055053672,0.498425827107791,0.501574172892209,0.499077198903185,0.500922801096815,0.396843050861958,0.603156949138042,0.499179807387025,0.500820192612975,0.501705384718679,0.498294615281321,0.502476829658038,0.497523170341962,0.505002267694688,0.494997732305312,0.496955094259691,0.503044905740309,0.399987233770931,0.600012766229069,0.499600724020443,0.500399275979557,0.402529714612598,0.597470285387402,0.503129346314325,0.496870653685675,0.50323213055688,0.49676786944312,0.500800999212577,0.499199000787423,0.401088736257894,0.598911263742106,0.504925513353912,0.495074486646088,0.501756610402303,0.498243389597697,0.497566523832196,0.502433476167804,0.494397684018657,0.505602315981344,0.502597262052919,0.497402737947081,0.3996717537727,0.6003282462273,0.497669309901415,0.502330690098586,0.394951664876477,0.605048335123523
"a505",0.472074063144544,0.527925936855456,0.471716179180571,0.528283820819429,0.472469619104725,0.527530380895275,0.498328305168284,0.501671694831716,0.5002394030883,0.4997605969117,0.501097264154708,0.498902735845292,0.498962586617367,0.501037413382633,0.446210567002646,0.553789432997354,0.446870633009247,0.553129366990753,0.497761127464098,0.502238872535902,0.500618927192866,0.499381072807134,0.500259550113137,0.499740449886863,0.499148143218421,0.500851856781579,0.446585729651353,0.553414270348647,0.447655381836117,0.552344618163883,0.497596253840348,0.502403746159652,0.500677740863787,0.499322259136213,0.499461794019934,0.500538205980066,0.498431893687708,0.501568106312292,0.446455882265426,0.553544117734574,0.446866501228881,0.553133498771119,0.498235528657038,0.501764471342962,0.472674927710616,0.527325072289384,0.472492235584646,0.527507764415354,0.472567832326427,0.527432167673573,0.47147720303876,0.528522796961239,0.470945294802318,0.529054705197682,0.472372060424776,0.527627939575224,0.498943142389961,0.501056857610039,0.501083445222871,0.498916554777129,0.501579220917681,0.498420779082319,0.497208044031611,0.502791955968389,0.503253449721228,0.496746550278772,0.496839696078562,0.503160303921438,0.402789708787905,0.597210291212095,0.498206769177906,0.501793230822094,0.498088969105001,0.501911030894999,0.499641681707188,0.500358318292812,0.500838345664555,0.499161654335445,0.497218821525523,0.502781178474477,0.499301573787066,0.500698426212933,0.498649709321662,0.501350290678338,0.502050948480705,0.497949051519295,0.498214546468253,0.501785453531747,0.502399296206446,0.497600703793554,0.49828050438538,0.50171949561462,0.402077039680919,0.597922960319081,0.498199253899825,0.501800746100175,0.501937648985897,0.498062351014103,0.499647094858239,0.500352905141761,0.40163317123553,0.59836682876447,0.497095149976331,0.502904850023669,0.502365688848609,0.497634311151391,0.501779264570644,0.498220735429356,0.445714763577282,0.554285236422718,0.446383771772633,0.553616228227367,0.502559931735154,0.497440068264846,0.499760006399829,0.500239993600171,0.445906729563504,0.554093270436496,0.44821161999164,0.55178838000836,0.501892979977071,0.498107020022929,0.499680059722185,0.500319940277815,0.446496183844344,0.553503816155656,0.448132532279063,0.551867467720937,0.498121922408187,0.501878077591813,0.500418087944467,0.499581912055533,0.446701950058608,0.553298049941392,0.447353153601156,0.552646846398844,0.498684525233198,0.501315474766802,0.500757394562704,0.499242605437296,0.447258232399697,0.552741767600303,0.447104466313399,0.552895533686601,0.499470100415971,0.500529899584029,0.499244893092759,0.500755106907241,0.446415864130177,0.553584135869823,0.445609374258741,0.554390625741259,0.500426302888202,0.499573697111798,0.496878072109892,0.503121927890108,0.498863035430989,0.501136964569011,0.497560715523446,0.502439284476554,0.501737815393595,0.498262184606405,0.497540106951872,0.502459893048128,0.494789852937237,0.505210147062763,0.498642501393459,0.501357498606541,0.498288806940281,0.501711193059719,0.50124634806615,0.49875365193385,0.505302908565001,0.494697091434999,0.402267387977671,0.597732612022329,0.498871151956227,0.501128848043773,0.500495115750033,0.499504884249967,0.501080489822053,0.498919510177947,0.502704431003704,0.497295568996296,0.50588518538334,0.49411481461666,0.40154506808226,0.59845493191774,0.504037954103254,0.495962045896746,0.399770582633538,0.600229417366462,0.499600319744205,0.500399680255795,0.501908396946565,0.498091603053435,0.501229735805146,0.498770264194854,0.403308296419935,0.596691703580065,0.497307906532637,0.502692093467363,0.501177778365932,0.498822221634068,0.497532240089158,0.502467759910842,0.501402116402116,0.498597883597884,0.498937300743889,0.50106269925611,0.402605193247065,0.597394806752935,0.499840306611306,0.500159693388694,0.403474242683553,0.596525757316447
"a751",0.471666436542106,0.528333563457894,0.470687361140748,0.529312638859252,0.471186313027979,0.528813686972021,0.500916314157681,0.499083685842319,0.498825721033898,0.501174278966102,0.500914806559995,0.499085193440005,0.500242839559562,0.499757160440438,0.445567018881821,0.554432981118179,0.444646389052226,0.555353610947774,0.501517554332009,0.498482445667991,0.499863326955258,0.500136673044742,0.500070003266819,0.499929996733181,0.498936617042129,0.501063382957871,0.446592559656143,0.553407440343857,0.445501704461242,0.554498295538758,0.502676745220098,0.497323254779902,0.50142522244126,0.49857477755874,0.499540465661463,0.500459534338537,0.502264372102936,0.497735627897064,0.445150608844264,0.554849391155736,0.444978518360274,0.555021481639726,0.499715160578224,0.500284839421776,0.471032287973137,0.528967712026863,0.468827133424379,0.53117286657562,0.472454362071342,0.527545637928658,0.472302913695753,0.527697086304247,0.472554419587279,0.527445580412721,0.469913607726261,0.530086392273739,0.499973324797268,0.500026675202732,0.497865983781477,0.502134016218523,0.50016662889745,0.49983337110255,0.500006665155898,0.499993334844102,0.50185187643537,0.49814812356463,0.502608557129392,0.497391442870608,0.400027853362758,0.599972146637242,0.502731772116641,0.497268227883359,0.497888165759065,0.502111834240935,0.501275069730376,0.498724930269624,0.501202212070209,0.498797787929791,0.503259330501456,0.496740669498544,0.499766688442412,0.500233311557588,0.498580132520965,0.501419867479035,0.503080710626123,0.496919289373877,0.505941845764855,0.494058154235145,0.499766713324002,0.500233286675998,0.499206825301606,0.500793174698394,0.401022448957765,0.598977551042235,0.50012299333697,0.49987700666303,0.499959992531939,0.500040007468061,0.499293201397594,0.500706798602406,0.401208168502085,0.598791831497915,0.500053458783278,0.499946541216722,0.4964555985583,0.5035444014417,0.501948423306601,0.498051576693399,0.444224688229094,0.555775311770906,0.446190651017919,0.553809348982081,0.498790705132488,0.501209294867512,0.499712708954127,0.500287291045873,0.446531979384118,0.553468020615882,0.448395428652302,0.551604571347698,0.500437572928822,0.499562427071179,0.495876206640501,0.504123793359499,0.444697779361121,0.555302220638879,0.444602778767367,0.555397221232633,0.50119814686618,0.49880185313382,0.499880185313382,0.500119814686618,0.446917522579415,0.553082477420585,0.44309272454305,0.55690727545695,0.500931396029592,0.499068603970408,0.500425781042099,0.499574218957901,0.446653792051117,0.553346207948883,0.442576830460387,0.557423169539613,0.502421858274459,0.497578141725541,0.50323806465425,0.49676193534575,0.445602922686404,0.554397077313596,0.44535383009513,0.55464616990487,0.495918476231126,0.504081523768874,0.501239305988646,0.498760694011354,0.506586604592107,0.493413395407893,0.505289092418521,0.494710907581479,0.499813283542278,0.500186716457722,0.498773202474931,0.501226797525069,0.498600932711526,0.501399067288474,0.501026694045175,0.498973305954825,0.498017573939134,0.501982426060866,0.501399664080621,0.498600335919379,0.505823934919838,0.494176065080162,0.402062734401637,0.597937265598363,0.492567764500146,0.507432235499854,0.499190444591904,0.500809555408096,0.497098697756505,0.502901302243495,0.503721823298877,0.496278176701123,0.500373851741081,0.499626148258919,0.399940122321543,0.600059877678457,0.500480769230769,0.499519230769231,0.400042762454565,0.599957237545435,0.501912452188695,0.498087547811305,0.498933560840354,0.501066439159646,0.497838155225793,0.502161844774207,0.397970614847688,0.602029385152312,0.503235771924685,0.496764228075315,0.503240379702584,0.496759620297416,0.502419569263494,0.497580430736506,0.502424177126542,0.497575822873458,0.499161498123353,0.500838501876647,0.40210530820086,0.59789469179914,0.499440686091727,0.500559313908273,0.402373823781009,0.597626176218991
"a752",0.471678332653253,0.528321667346747,0.471979660378543,0.528020339621457,0.470984651118993,0.529015348881007,0.500288772403403,0.499711227596598,0.499787052810903,0.500212947189097,0.500765278960818,0.499234721039182,0.501570485519591,0.498429514480409,0.447153602110291,0.552846397889709,0.444396915362587,0.555603084637412,0.499144476526575,0.500855523473425,0.499467971908917,0.500532028091083,0.500332517556927,0.499667482443073,0.499886944030645,0.500113055969355,0.446838106787459,0.553161893212541,0.44475157827157,0.55524842172843,0.500647953299806,0.499352046700194,0.501502822373726,0.498497177626274,0.501389527560629,0.498610472439371,0.500423189448921,0.499576810551079,0.44512546057589,0.55487453942411,0.445795928538795,0.554204071461205,0.500169100326927,0.499830899673073,0.472886747350788,0.527113252649212,0.471600569682596,0.528399430317404,0.471111194764943,0.528888805235057,0.470468521321834,0.529531478678166,0.472359189211259,0.527640810788741,0.470857961219324,0.529142038780676,0.502196953557733,0.497803046442267,0.502396676608436,0.497603323391564,0.498472045068027,0.501527954931973,0.497382546768707,0.502617453231292,0.499334823329076,0.500665176670924,0.500744997871435,0.499255002128565,0.400659831925549,0.599340168074451,0.500569561759838,0.499430438240162,0.501215930685306,0.498784069314693,0.499249179412898,0.500750820587102,0.501564171122995,0.498435828877005,0.501604278074866,0.498395721925134,0.501329186272164,0.498670813727836,0.500903846665072,0.499096153334928,0.501677426253392,0.498322573746608,0.49993985324191,0.50006014675809,0.498353794270937,0.501646205729062,0.503898908305674,0.496101091694326,0.403633525096773,0.596366474903227,0.497177014050771,0.502822985949229,0.497604280352437,0.502395719647563,0.498868687944206,0.501131312055794,0.402912049676142,0.597087950323858,0.50121513837589,0.49878486162411,0.500610306214509,0.499389693785491,0.498447699410922,0.501552300589078,0.445575194905672,0.554424805094328,0.446586919002559,0.553413080997441,0.501975600995118,0.498024399004882,0.50135032660609,0.49864967339391,0.446924720968891,0.553075279031109,0.444122536214676,0.555877463785324,0.500326279481682,0.499673720518318,0.501871112945971,0.498128887054029,0.448444802960924,0.551555197039076,0.444636883437329,0.555363116562671,0.498958611481976,0.501041388518024,0.503097463284379,0.496902536715621,0.448726617083615,0.551273382916385,0.442214393319336,0.557785606680664,0.496961476576109,0.503038523423891,0.499315168681268,0.500684831318732,0.446751267826957,0.553248732173043,0.445382252803505,0.554617747196495,0.502681358555001,0.497318641444999,0.500907126277314,0.499092873722686,0.441803872223739,0.558196127776261,0.446955757885115,0.553044242114885,0.500861680409365,0.499138319590636,0.500946237705573,0.499053762294427,0.497628816539671,0.502371183460329,0.502266448515409,0.497733551484591,0.503945221601091,0.496054778398909,0.493840570111532,0.506159429888468,0.503852898974332,0.496147101025668,0.499435190331893,0.500564809668107,0.500662567581893,0.499337432418107,0.502043542139709,0.497956457860291,0.496227417640808,0.503772582359192,0.402018033490769,0.597981966509231,0.502834783997445,0.497165216002555,0.50090618336887,0.49909381663113,0.501286984211225,0.498713015788775,0.499358357394931,0.500641642605069,0.498399597915509,0.501600402084491,0.400924830626949,0.599075169373051,0.502667947281362,0.497332052718638,0.405032467532468,0.594967532467532,0.503746120089907,0.496253879910093,0.494937746173571,0.505062253826429,0.502451502877851,0.497548497122149,0.399298532512803,0.600701467487197,0.499601931956903,0.500398068043097,0.502226394849785,0.497773605150215,0.501371541186183,0.498628458813817,0.503995937241066,0.496004062758934,0.49830727067548,0.50169272932452,0.406311804861451,0.593688195138549,0.492563476043769,0.507436523956231,0.400781300306939,0.599218699693061
"a753",0.471234312906891,0.528765687093109,0.47192175130425,0.52807824869575,0.472204260234671,0.527795739765329,0.501060977983137,0.498939022016863,0.500789352730761,0.499210647269239,0.501795194607089,0.498204805392911,0.500236472759004,0.499763527240996,0.446195035945171,0.553804964054829,0.445832912835187,0.554167087164814,0.501795774438858,0.498204225561142,0.500059863511194,0.499940136488806,0.50045230208458,0.49954769791542,0.501676178313445,0.498323821686555,0.445474107185315,0.554525892814684,0.446960150268677,0.553039849731323,0.500511198820676,0.499488801179324,0.500764465007445,0.499235534992555,0.500152893001489,0.499847106998511,0.502765369070411,0.497234630929589,0.444814502028048,0.555185497971952,0.446664129128951,0.55333587087105,0.499536106386269,0.500463893613731,0.470458888018794,0.529541111981206,0.472501174628034,0.527498825371966,0.473810493343774,0.526189506656226,0.47201303562778,0.52798696437222,0.471339863729876,0.528660136270124,0.470591195918188,0.529408804081812,0.501529662144187,0.498470337855813,0.501370045224794,0.498629954775206,0.499374684015859,0.500625315984141,0.501982384715681,0.498017615284319,0.502061566790761,0.497938433209239,0.499099315479765,0.500900684520235,0.402694851483026,0.597305148516974,0.501645424433749,0.498354575566251,0.500524352524193,0.499475647475807,0.501334112118517,0.498665887881483,0.499780295868231,0.500219704131769,0.504201009307466,0.495798990692534,0.501136378739749,0.498863621260251,0.504977471789896,0.495022528210104,0.500392323753541,0.499607676246459,0.500551913077015,0.499448086922985,0.501056262701893,0.498943737298107,0.499130923093379,0.500869076906621,0.403085163363685,0.596914836636315,0.499860739153723,0.500139260846277,0.498981398878873,0.501018601121127,0.498368906701463,0.501631093298537,0.401089865540257,0.598910134459743,0.500478294048732,0.499521705951268,0.501924178063038,0.498075821936962,0.50289625417793,0.49710374582207,0.446360969146318,0.553639030853682,0.447969903463941,0.552030096536059,0.499754716730971,0.500245283269029,0.503745541810853,0.496254458189147,0.444217477019548,0.555782522980452,0.446996508396475,0.553003491603525,0.499338904167548,0.500661095832452,0.502353501163529,0.497646498836471,0.444453704475373,0.555546295524627,0.445620468372364,0.554379531627636,0.499653453469464,0.500346546530536,0.500693093061072,0.499306906938928,0.44602790653337,0.55397209346663,0.443680516664085,0.556319483335915,0.500367063094809,0.499632936905191,0.497136907860489,0.502863092139511,0.44673330953231,0.55326669046769,0.446923717719862,0.553076282280138,0.502205882352941,0.497794117647059,0.497927807486631,0.502072192513369,0.445174630714566,0.554825369285434,0.447705855090375,0.552294144909625,0.504681076780268,0.495318923219732,0.505275217136463,0.494724782863537,0.497980120129698,0.502019879870302,0.503127745095429,0.49687225490457,0.498038692461641,0.501961307538359,0.498697778250239,0.501302221749761,0.500227778224402,0.499772221775598,0.500646064391084,0.499353935608916,0.504841747804632,0.495158252195368,0.502650410813676,0.497349589186324,0.500935728799059,0.499064271200941,0.403884781400915,0.596115218599085,0.503865911137002,0.496134088862998,0.500845085300798,0.499154914699202,0.500842238248144,0.499157761751856,0.497821350762527,0.502178649237473,0.499959818917254,0.500040181082746,0.402147357592902,0.597852642407098,0.498650778807876,0.501349221192124,0.400889098874667,0.599110901125333,0.498199375783605,0.501800624216395,0.496072878820261,0.503927121179739,0.503183355976451,0.496816644023549,0.401497063947861,0.598502936052139,0.497164914148809,0.502835085851191,0.498697462065261,0.501302537934739,0.501436434420728,0.498563565579272,0.502968978831048,0.497031021168952,0.502148901524252,0.497851098475748,0.404022446881426,0.595977553118574,0.499309868875086,0.500690131124914,0.401291016675632,0.598708983324368
"a754",0.470650622068122,0.529349377931878,0.470139161267042,0.529860838732958,0.470456078695932,0.529543921304068,0.50060088799636,0.49939911200364,0.497913249863328,0.502086750136672,0.501053375468352,0.498946624531648,0.501913409869728,0.498086590130272,0.445444899556019,0.554555100443981,0.443251670114581,0.556748329885419,0.499433909698223,0.500566090301777,0.498454925883162,0.501545074116838,0.498888747989401,0.501111252010599,0.500684104090609,0.499315895909391,0.445980197081675,0.554019802918325,0.445228112563957,0.554771887436043,0.500527051354936,0.499472948645063,0.501260571459061,0.498739428540939,0.49855267721367,0.50144732278633,0.499926633407145,0.500073366592855,0.443456207818064,0.556543792181936,0.444896096893276,0.555103903106724,0.501199907562677,0.498800092437323,0.471884617554328,0.528115382445672,0.470217313634911,0.529782686365089,0.469822425864522,0.530177574135478,0.469413657040891,0.530586342959109,0.470060820829878,0.529939179170122,0.471091256377391,0.528908743622609,0.501325585132023,0.498674414867977,0.501057790155857,0.498942209844143,0.496466924827338,0.503533075172662,0.500312720401347,0.499687279598653,0.500783428495552,0.499216571504448,0.502761917408047,0.497238082591953,0.400506659255617,0.599493340744383,0.498728007354041,0.501271992645958,0.498183753575943,0.501816246424057,0.501084425520591,0.498915574479409,0.498923465771561,0.501076534228439,0.498762988619495,0.501237011380505,0.500889644008615,0.499110355991384,0.50130436527579,0.49869563472421,0.501629357700544,0.498370642299456,0.49855685460809,0.50144314539191,0.497641603976536,0.502358396023464,0.502745894520237,0.497254105479763,0.402868276478855,0.597131723521145,0.499968059281973,0.500031940718027,0.496031006099997,0.503968993900003,0.500066593857383,0.499933406142617,0.401319371057098,0.598680628942902,0.502108218315347,0.497891781684653,0.497064449285373,0.502935550714627,0.500225811593433,0.499774188406567,0.446228710462287,0.553771289537713,0.44265622218266,0.55734377781734,0.498826948199099,0.501173051800901,0.499506785038257,0.500493214961742,0.447971510038925,0.552028489961075,0.443475585949054,0.556524414050946,0.502421452871723,0.497578547128277,0.499926622640251,0.500073377359749,0.444824080204294,0.555175919795706,0.443890097417951,0.556109902582049,0.498768571811003,0.501231428188997,0.501887297550529,0.498112702449471,0.444662861473604,0.555337138526396,0.443845771262108,0.556154228737892,0.498081884164517,0.501918115835483,0.498269017416759,0.501730982583241,0.443984681597761,0.556015318402239,0.446984337763656,0.553015662236344,0.500100030676074,0.499899969323926,0.497179134934713,0.502820865065287,0.442081754356787,0.557918245643213,0.445906936409318,0.554093063590682,0.501268662695975,0.498731337304025,0.501340195132411,0.498659804867589,0.500901521981227,0.499098478018773,0.496196856067683,0.503803143932317,0.500845796525522,0.499154203474478,0.499299664367452,0.500700335632548,0.504628151931056,0.495371848068944,0.500419006864581,0.499580993135419,0.501536570374923,0.498463429625077,0.497486501582573,0.502513498417427,0.498930354171619,0.501069645828381,0.398474002314716,0.601525997685284,0.498366924241217,0.501633075758783,0.501501501501502,0.498498498498498,0.500853970964987,0.499146029035013,0.503988474775231,0.496011525224769,0.495760797342193,0.504239202657807,0.402329691858856,0.597670308141144,0.496803920524157,0.503196079475843,0.403333475062715,0.596666524937285,0.501113705284062,0.498886294715938,0.495446071904128,0.504553928095872,0.502657088685342,0.497342911314658,0.40252900034118,0.59747099965882,0.497999786643909,0.502000213356091,0.496358154798431,0.503641845201569,0.500925503661775,0.499074496338225,0.499283819628647,0.500716180371353,0.499543182673188,0.500456817326812,0.403406792292132,0.596593207707868,0.495257885763001,0.504742114236999,0.399288210449585,0.600711789550415
"a755",0.472405889924963,0.527594110075037,0.473344635961194,0.526655364038806,0.472230071269348,0.527769928730652,0.498882295689303,0.501117704310697,0.501947283771749,0.498052716228251,0.501860885515665,0.498139114484335,0.498305264976805,0.501694735023195,0.447733926828688,0.552266073171312,0.445698745566637,0.554301254433363,0.499398966937231,0.500601033062769,0.500951812423308,0.499048187576692,0.501356415613703,0.498643584386297,0.498723178456538,0.501276821543462,0.446749530537423,0.553250469462577,0.446052043279979,0.553947956720022,0.499025306268443,0.500974693731557,0.502047736187753,0.497952263812247,0.502539724752344,0.497460275247656,0.497786051459344,0.502213948540656,0.445883402736466,0.554116597263534,0.447221891731112,0.552778108268888,0.499863176680547,0.500136823319453,0.471859483067861,0.528140516932139,0.47319366389971,0.52680633610029,0.471192392651936,0.528807607348064,0.472949859345534,0.527050140654466,0.473494934559648,0.526505065440352,0.473263120962841,0.526736879037159,0.502661335169346,0.497338664830654,0.498795116913381,0.501204883086619,0.500046518427943,0.499953481572057,0.498650965589654,0.501349034410346,0.501054176674673,0.498945823325327,0.497811582599413,0.502188417400587,0.401637842788643,0.598362157211357,0.500005387640752,0.499994612359248,0.502747871227471,0.497252128772529,0.496245679551865,0.503754320448135,0.502329866349787,0.497670133650213,0.499339092353499,0.500660907646501,0.502255678886581,0.497744321113419,0.497003452974718,0.502996547025282,0.501837670235088,0.498162329764912,0.498576640872459,0.501423359127541,0.501140714847971,0.498859285152029,0.500380238282657,0.499619761717343,0.403834798758951,0.596165201241049,0.499447110481282,0.500552889518718,0.499640852377025,0.500359147622975,0.500452259969672,0.499547740030328,0.402391252878759,0.597608747121241,0.499386582294828,0.500613417705172,0.502440715943343,0.497559284056657,0.499786604070527,0.500213395929473,0.447063309541116,0.552936690458884,0.445645309278965,0.554354690721035,0.501024072350047,0.498975927649953,0.499627610054529,0.500372389945472,0.445662951415021,0.554337048584979,0.445651005268251,0.554348994731749,0.500494176728283,0.499505823271717,0.501749652740677,0.498250347259323,0.44634462732217,0.55365537267783,0.447748937841408,0.552251062158592,0.501457185247986,0.498542814752014,0.503921153030945,0.496078846969055,0.448402933799318,0.551597066200682,0.445752053540649,0.554247946459351,0.500879920608667,0.499120079391333,0.503076414158121,0.496923585841879,0.447831881574563,0.552168118425437,0.44645152077681,0.55354847922319,0.503587598294898,0.496412401705102,0.50332283089306,0.49667716910694,0.445422430506821,0.554577569493179,0.446695133990699,0.553304866009301,0.494968917922242,0.505031082077758,0.499056428248678,0.500943571751322,0.497536552238408,0.502463447761592,0.499624403069164,0.500375596930837,0.502662265055109,0.497337734944891,0.498245427477669,0.501754572522331,0.498087775133053,0.501912224866947,0.500261115413013,0.499738884586987,0.498805478870248,0.501194521129751,0.500453115837731,0.499546884162269,0.500777354849086,0.499222645150914,0.40133181044329,0.59866818955671,0.501454380487284,0.498545619512716,0.502045509238215,0.497954490761785,0.500199643303964,0.499800356696036,0.50079077871599,0.49920922128401,0.503426209838688,0.496573790161312,0.402863161514982,0.597136838485018,0.501847274273716,0.498152725726284,0.401344711662788,0.598655288337212,0.506498652718339,0.493501347281661,0.499642109169958,0.500357890830042,0.501328585853218,0.498671414146782,0.401943881729236,0.598056118270764,0.504022082018927,0.495977917981073,0.502613472718545,0.497386527281455,0.504287217254077,0.495712782745923,0.502878618263234,0.497121381736766,0.498851741080966,0.501148258919034,0.404804289544236,0.595195710455764,0.49743043536147,0.50256956463853,0.403435229373576,0.596564770626424
